afrikaans-afribooms-ud-2.10-220711:af_afribooms-ud-2.10-220711:af:afr,udpipe/udpipe2-ud-2.10-220711/af_afribooms-ud-2.10-220711.model,af_afribooms,https://ufal.mff.cuni.cz/udpipe/2/models#universal_dependencies_210_models
ancient_greek-perseus-ud-2.10-220711:grc_perseus-ud-2.10-220711:grc,udpipe/udpipe2-ud-2.10-220711/grc_all-ud-2.10-220711.model,grc_perseus,https://ufal.mff.cuni.cz/udpipe/2/models#universal_dependencies_210_models
ancient_greek-proiel-ud-2.10-220711:grc_proiel-ud-2.10-220711,udpipe/udpipe2-ud-2.10-220711/grc_all-ud-2.10-220711.model,grc_proiel,https://ufal.mff.cuni.cz/udpipe/2/models#universal_dependencies_210_models
ancient_hebrew-ptnk-ud-2.10-220711:hbo_ptnk-ud-2.10-220711:hbo,udpipe/udpipe2-ud-2.10-220711/hbo_ptnk-ud-2.10-220711.model,hbo_ptnk,https://ufal.mff.cuni.cz/udpipe/2/models#universal_dependencies_210_models
arabic-padt-ud-2.10-220711:ar_padt-ud-2.10-220711:ar:ara,udpipe/udpipe2-ud-2.10-220711/ar_padt-ud-2.10-220711.model,ar_padt,https://ufal.mff.cuni.cz/udpipe/2/models#universal_dependencies_210_models
armenian-armtdp-ud-2.10-220711:hy_armtdp-ud-2.10-220711:hy:hye:arm,udpipe/udpipe2-ud-2.10-220711/hy_all-ud-2.10-220711.model,hy_armtdp,https://ufal.mff.cuni.cz/udpipe/2/models#universal_dependencies_210_models
armenian-bsut-ud-2.10-220711:hy_bsut-ud-2.10-220711,udpipe/udpipe2-ud-2.10-220711/hy_all-ud-2.10-220711.model,hy_bsut,https://ufal.mff.cuni.cz/udpipe/2/models#universal_dependencies_210_models
basque-bdt-ud-2.10-220711:eu_bdt-ud-2.10-220711:eu:eus,udpipe/udpipe2-ud-2.10-220711/eu_bdt-ud-2.10-220711.model,eu_bdt,https://ufal.mff.cuni.cz/udpipe/2/models#universal_dependencies_210_models
belarusian-hse-ud-2.10-220711:be_hse-ud-2.10-220711:be:bel,udpipe/udpipe2-ud-2.10-220711/be_hse-ud-2.10-220711.model,be_hse,https://ufal.mff.cuni.cz/udpipe/2/models#universal_dependencies_210_models
bulgarian-btb-ud-2.10-220711:bg_btb-ud-2.10-220711:bg:bul,udpipe/udpipe2-ud-2.10-220711/bg_btb-ud-2.10-220711.model,bg_btb,https://ufal.mff.cuni.cz/udpipe/2/models#universal_dependencies_210_models
catalan-ancora-ud-2.10-220711:ca_ancora-ud-2.10-220711:ca:cat,udpipe/udpipe2-ud-2.10-220711/ca_ancora-ud-2.10-220711.model,ca_ancora,https://ufal.mff.cuni.cz/udpipe/2/models#universal_dependencies_210_models
chinese-gsdsimp-ud-2.10-220711:zh_gsdsimp-ud-2.10-220711:zh:zho:chi,udpipe/udpipe2-ud-2.10-220711/zh_all-ud-2.10-220711.model,zh_gsdsimp,https://ufal.mff.cuni.cz/udpipe/2/models#universal_dependencies_210_models
chinese-gsd-ud-2.10-220711:zh_gsd-ud-2.10-220711,udpipe/udpipe2-ud-2.10-220711/zh_all-ud-2.10-220711.model,zh_gsd,https://ufal.mff.cuni.cz/udpipe/2/models#universal_dependencies_210_models
classical_chinese-kyoto-ud-2.10-220711:lzh_kyoto-ud-2.10-220711:lzh,udpipe/udpipe2-ud-2.10-220711/lzh_kyoto-ud-2.10-220711.model,lzh_kyoto,https://ufal.mff.cuni.cz/udpipe/2/models#universal_dependencies_210_models
coptic-scriptorium-ud-2.10-220711:cop_scriptorium-ud-2.10-220711:cop,udpipe/udpipe2-ud-2.10-220711/cop_scriptorium-ud-2.10-220711.model,cop_scriptorium,https://ufal.mff.cuni.cz/udpipe/2/models#universal_dependencies_210_models
croatian-set-ud-2.10-220711:hr_set-ud-2.10-220711:hr:hrv,udpipe/udpipe2-ud-2.10-220711/hr_set-ud-2.10-220711.model,hr_set,https://ufal.mff.cuni.cz/udpipe/2/models#universal_dependencies_210_models
czech-pdt-ud-2.10-220711:cs_pdt-ud-2.10-220711:cs:ces:cze,udpipe/udpipe2-ud-2.10-220711/cs_all-ud-2.10-220711.model,cs_pdt,https://ufal.mff.cuni.cz/udpipe/2/models#universal_dependencies_210_models
czech-cac-ud-2.10-220711:cs_cac-ud-2.10-220711,udpipe/udpipe2-ud-2.10-220711/cs_all-ud-2.10-220711.model,cs_cac,https://ufal.mff.cuni.cz/udpipe/2/models#universal_dependencies_210_models
czech-cltt-ud-2.10-220711:cs_cltt-ud-2.10-220711,udpipe/udpipe2-ud-2.10-220711/cs_all-ud-2.10-220711.model,cs_cltt,https://ufal.mff.cuni.cz/udpipe/2/models#universal_dependencies_210_models
czech-fictree-ud-2.10-220711:cs_fictree-ud-2.10-220711,udpipe/udpipe2-ud-2.10-220711/cs_all-ud-2.10-220711.model,cs_fictree,https://ufal.mff.cuni.cz/udpipe/2/models#universal_dependencies_210_models
danish-ddt-ud-2.10-220711:da_ddt-ud-2.10-220711:da:dan,udpipe/udpipe2-ud-2.10-220711/da_ddt-ud-2.10-220711.model,da_ddt,https://ufal.mff.cuni.cz/udpipe/2/models#universal_dependencies_210_models
dutch-alpino-ud-2.10-220711:nl_alpino-ud-2.10-220711:nl:nld:dut,udpipe/udpipe2-ud-2.10-220711/nl_all-ud-2.10-220711.model,nl_alpino,https://ufal.mff.cuni.cz/udpipe/2/models#universal_dependencies_210_models
dutch-lassysmall-ud-2.10-220711:nl_lassysmall-ud-2.10-220711,udpipe/udpipe2-ud-2.10-220711/nl_all-ud-2.10-220711.model,nl_lassysmall,https://ufal.mff.cuni.cz/udpipe/2/models#universal_dependencies_210_models
english-ewt-ud-2.10-220711:en_ewt-ud-2.10-220711:en:eng,udpipe/udpipe2-ud-2.10-220711/en_all-ud-2.10-220711.model,en_ewt,https://ufal.mff.cuni.cz/udpipe/2/models#universal_dependencies_210_models
english-atis-ud-2.10-220711:en_atis-ud-2.10-220711,udpipe/udpipe2-ud-2.10-220711/en_all-ud-2.10-220711.model,en_atis,https://ufal.mff.cuni.cz/udpipe/2/models#universal_dependencies_210_models
english-gum-ud-2.10-220711:en_gum-ud-2.10-220711,udpipe/udpipe2-ud-2.10-220711/en_all-ud-2.10-220711.model,en_gum,https://ufal.mff.cuni.cz/udpipe/2/models#universal_dependencies_210_models
english-lines-ud-2.10-220711:en_lines-ud-2.10-220711,udpipe/udpipe2-ud-2.10-220711/en_all-ud-2.10-220711.model,en_lines,https://ufal.mff.cuni.cz/udpipe/2/models#universal_dependencies_210_models
english-partut-ud-2.10-220711:en_partut-ud-2.10-220711,udpipe/udpipe2-ud-2.10-220711/en_all-ud-2.10-220711.model,en_partut,https://ufal.mff.cuni.cz/udpipe/2/models#universal_dependencies_210_models
estonian-edt-ud-2.10-220711:et_edt-ud-2.10-220711:et:est,udpipe/udpipe2-ud-2.10-220711/et_all-ud-2.10-220711.model,et_edt,https://ufal.mff.cuni.cz/udpipe/2/models#universal_dependencies_210_models
estonian-ewt-ud-2.10-220711:et_ewt-ud-2.10-220711,udpipe/udpipe2-ud-2.10-220711/et_all-ud-2.10-220711.model,et_ewt,https://ufal.mff.cuni.cz/udpipe/2/models#universal_dependencies_210_models
faroese-farpahc-ud-2.10-220711:fo_farpahc-ud-2.10-220711:fo:fao,udpipe/udpipe2-ud-2.10-220711/fo_farpahc-ud-2.10-220711.model,fo_farpahc,https://ufal.mff.cuni.cz/udpipe/2/models#universal_dependencies_210_models
finnish-tdt-ud-2.10-220711:fi_tdt-ud-2.10-220711:fi:fin,udpipe/udpipe2-ud-2.10-220711/fi_all-ud-2.10-220711.model,fi_tdt,https://ufal.mff.cuni.cz/udpipe/2/models#universal_dependencies_210_models
finnish-ftb-ud-2.10-220711:fi_ftb-ud-2.10-220711,udpipe/udpipe2-ud-2.10-220711/fi_all-ud-2.10-220711.model,fi_ftb,https://ufal.mff.cuni.cz/udpipe/2/models#universal_dependencies_210_models
french-gsd-ud-2.10-220711:fr_gsd-ud-2.10-220711:fr:fra:fre,udpipe/udpipe2-ud-2.10-220711/fr_all-ud-2.10-220711.model,fr_gsd,https://ufal.mff.cuni.cz/udpipe/2/models#universal_dependencies_210_models
french-parisstories-ud-2.10-220711:fr_parisstories-ud-2.10-220711,udpipe/udpipe2-ud-2.10-220711/fr_all-ud-2.10-220711.model,fr_parisstories,https://ufal.mff.cuni.cz/udpipe/2/models#universal_dependencies_210_models
french-partut-ud-2.10-220711:fr_partut-ud-2.10-220711,udpipe/udpipe2-ud-2.10-220711/fr_all-ud-2.10-220711.model,fr_partut,https://ufal.mff.cuni.cz/udpipe/2/models#universal_dependencies_210_models
french-rhapsodie-ud-2.10-220711:fr_rhapsodie-ud-2.10-220711,udpipe/udpipe2-ud-2.10-220711/fr_all-ud-2.10-220711.model,fr_rhapsodie,https://ufal.mff.cuni.cz/udpipe/2/models#universal_dependencies_210_models
french-sequoia-ud-2.10-220711:fr_sequoia-ud-2.10-220711,udpipe/udpipe2-ud-2.10-220711/fr_all-ud-2.10-220711.model,fr_sequoia,https://ufal.mff.cuni.cz/udpipe/2/models#universal_dependencies_210_models
galician-ctg-ud-2.10-220711:gl_ctg-ud-2.10-220711:gl:glg,udpipe/udpipe2-ud-2.10-220711/gl_all-ud-2.10-220711.model,gl_ctg,https://ufal.mff.cuni.cz/udpipe/2/models#universal_dependencies_210_models
galician-treegal-ud-2.10-220711:gl_treegal-ud-2.10-220711,udpipe/udpipe2-ud-2.10-220711/gl_all-ud-2.10-220711.model,gl_treegal,https://ufal.mff.cuni.cz/udpipe/2/models#universal_dependencies_210_models
german-hdt-ud-2.10-220711:de_hdt-ud-2.10-220711:de:deu:ger,udpipe/udpipe2-ud-2.10-220711/de_hdt-ud-2.10-220711.model,de_hdt,https://ufal.mff.cuni.cz/udpipe/2/models#universal_dependencies_210_models
german-gsd-ud-2.10-220711:de_gsd-ud-2.10-220711,udpipe/udpipe2-ud-2.10-220711/de_gsd-ud-2.10-220711.model,de_gsd,https://ufal.mff.cuni.cz/udpipe/2/models#universal_dependencies_210_models
gothic-proiel-ud-2.10-220711:got_proiel-ud-2.10-220711:got,udpipe/udpipe2-ud-2.10-220711/got_proiel-ud-2.10-220711.model,got_proiel,https://ufal.mff.cuni.cz/udpipe/2/models#universal_dependencies_210_models
greek-gdt-ud-2.10-220711:el_gdt-ud-2.10-220711:el:ell:gre,udpipe/udpipe2-ud-2.10-220711/el_gdt-ud-2.10-220711.model,el_gdt,https://ufal.mff.cuni.cz/udpipe/2/models#universal_dependencies_210_models
hebrew-htb-ud-2.10-220711:he_htb-ud-2.10-220711:he:heb,udpipe/udpipe2-ud-2.10-220711/he_all-ud-2.10-220711.model,he_htb,https://ufal.mff.cuni.cz/udpipe/2/models#universal_dependencies_210_models
hebrew-iahltwiki-ud-2.10-220711:he_iahltwiki-ud-2.10-220711,udpipe/udpipe2-ud-2.10-220711/he_all-ud-2.10-220711.model,he_iahltwiki,https://ufal.mff.cuni.cz/udpipe/2/models#universal_dependencies_210_models
hindi-hdtb-ud-2.10-220711:hi_hdtb-ud-2.10-220711:hi:hin,udpipe/udpipe2-ud-2.10-220711/hi_hdtb-ud-2.10-220711.model,hi_hdtb,https://ufal.mff.cuni.cz/udpipe/2/models#universal_dependencies_210_models
hungarian-szeged-ud-2.10-220711:hu_szeged-ud-2.10-220711:hu:hun,udpipe/udpipe2-ud-2.10-220711/hu_szeged-ud-2.10-220711.model,hu_szeged,https://ufal.mff.cuni.cz/udpipe/2/models#universal_dependencies_210_models
icelandic-icepahc-ud-2.10-220711:is_icepahc-ud-2.10-220711:is:ice:isl,udpipe/udpipe2-ud-2.10-220711/is_all-ud-2.10-220711.model,is_icepahc,https://ufal.mff.cuni.cz/udpipe/2/models#universal_dependencies_210_models
icelandic-modern-ud-2.10-220711:is_modern-ud-2.10-220711,udpipe/udpipe2-ud-2.10-220711/is_modern-ud-2.10-220711.model,is_modern,https://ufal.mff.cuni.cz/udpipe/2/models#universal_dependencies_210_models
indonesian-gsd-ud-2.10-220711:id_gsd-ud-2.10-220711:id:ind,udpipe/udpipe2-ud-2.10-220711/id_all-ud-2.10-220711.model,id_gsd,https://ufal.mff.cuni.cz/udpipe/2/models#universal_dependencies_210_models
indonesian-csui-ud-2.10-220711:id_csui-ud-2.10-220711,udpipe/udpipe2-ud-2.10-220711/id_all-ud-2.10-220711.model,id_csui,https://ufal.mff.cuni.cz/udpipe/2/models#universal_dependencies_210_models
irish-idt-ud-2.10-220711:ga_idt-ud-2.10-220711:ga:gle,udpipe/udpipe2-ud-2.10-220711/ga_idt-ud-2.10-220711.model,ga_idt,https://ufal.mff.cuni.cz/udpipe/2/models#universal_dependencies_210_models
italian-isdt-ud-2.10-220711:it_isdt-ud-2.10-220711:it:ita,udpipe/udpipe2-ud-2.10-220711/it_all-ud-2.10-220711.model,it_isdt,https://ufal.mff.cuni.cz/udpipe/2/models#universal_dependencies_210_models
italian-markit-ud-2.10-220711:it_markit-ud-2.10-220711,udpipe/udpipe2-ud-2.10-220711/it_all-ud-2.10-220711.model,it_markit,https://ufal.mff.cuni.cz/udpipe/2/models#universal_dependencies_210_models
italian-partut-ud-2.10-220711:it_partut-ud-2.10-220711,udpipe/udpipe2-ud-2.10-220711/it_all-ud-2.10-220711.model,it_partut,https://ufal.mff.cuni.cz/udpipe/2/models#universal_dependencies_210_models
italian-postwita-ud-2.10-220711:it_postwita-ud-2.10-220711,udpipe/udpipe2-ud-2.10-220711/it_all-ud-2.10-220711.model,it_postwita,https://ufal.mff.cuni.cz/udpipe/2/models#universal_dependencies_210_models
italian-twittiro-ud-2.10-220711:it_twittiro-ud-2.10-220711,udpipe/udpipe2-ud-2.10-220711/it_all-ud-2.10-220711.model,it_twittiro,https://ufal.mff.cuni.cz/udpipe/2/models#universal_dependencies_210_models
italian-vit-ud-2.10-220711:it_vit-ud-2.10-220711,udpipe/udpipe2-ud-2.10-220711/it_all-ud-2.10-220711.model,it_vit,https://ufal.mff.cuni.cz/udpipe/2/models#universal_dependencies_210_models
japanese-gsd-ud-2.10-220711:ja_gsd-ud-2.10-220711:ja:jpn,udpipe/udpipe2-ud-2.10-220711/ja_all-ud-2.10-220711.model,ja_gsd,https://ufal.mff.cuni.cz/udpipe/2/models#universal_dependencies_210_models
japanese-gsdluw-ud-2.10-220711:ja_gsdluw-ud-2.10-220711,udpipe/udpipe2-ud-2.10-220711/ja_all-ud-2.10-220711.model,ja_gsdluw,https://ufal.mff.cuni.cz/udpipe/2/models#universal_dependencies_210_models
korean-kaist-ud-2.10-220711:ko_kaist-ud-2.10-220711:ko:kor,udpipe/udpipe2-ud-2.10-220711/ko_all-ud-2.10-220711.model,ko_kaist,https://ufal.mff.cuni.cz/udpipe/2/models#universal_dependencies_210_models
korean-gsd-ud-2.10-220711:ko_gsd-ud-2.10-220711,udpipe/udpipe2-ud-2.10-220711/ko_all-ud-2.10-220711.model,ko_gsd,https://ufal.mff.cuni.cz/udpipe/2/models#universal_dependencies_210_models
latin-ittb-ud-2.10-220711:la_ittb-ud-2.10-220711:la:lat,udpipe/udpipe2-ud-2.10-220711/la_ittb-ud-2.10-220711.model,la_ittb,https://ufal.mff.cuni.cz/udpipe/2/models#universal_dependencies_210_models
latin-llct-ud-2.10-220711:la_llct-ud-2.10-220711,udpipe/udpipe2-ud-2.10-220711/la_llct-ud-2.10-220711.model,la_llct,https://ufal.mff.cuni.cz/udpipe/2/models#universal_dependencies_210_models
latin-perseus-ud-2.10-220711:la_perseus-ud-2.10-220711,udpipe/udpipe2-ud-2.10-220711/la_all-ud-2.10-220711.model,la_perseus,https://ufal.mff.cuni.cz/udpipe/2/models#universal_dependencies_210_models
latin-proiel-ud-2.10-220711:la_proiel-ud-2.10-220711,udpipe/udpipe2-ud-2.10-220711/la_proiel-ud-2.10-220711.model,la_proiel,https://ufal.mff.cuni.cz/udpipe/2/models#universal_dependencies_210_models
latin-udante-ud-2.10-220711:la_udante-ud-2.10-220711,udpipe/udpipe2-ud-2.10-220711/la_all-ud-2.10-220711.model,la_udante,https://ufal.mff.cuni.cz/udpipe/2/models#universal_dependencies_210_models
latvian-lvtb-ud-2.10-220711:lv_lvtb-ud-2.10-220711:lv:lav,udpipe/udpipe2-ud-2.10-220711/lv_lvtb-ud-2.10-220711.model,lv_lvtb,https://ufal.mff.cuni.cz/udpipe/2/models#universal_dependencies_210_models
lithuanian-alksnis-ud-2.10-220711:lt_alksnis-ud-2.10-220711:lt:lit,udpipe/udpipe2-ud-2.10-220711/lt_all-ud-2.10-220711.model,lt_alksnis,https://ufal.mff.cuni.cz/udpipe/2/models#universal_dependencies_210_models
lithuanian-hse-ud-2.10-220711:lt_hse-ud-2.10-220711,udpipe/udpipe2-ud-2.10-220711/lt_all-ud-2.10-220711.model,lt_hse,https://ufal.mff.cuni.cz/udpipe/2/models#universal_dependencies_210_models
maltese-mudt-ud-2.10-220711:mt_mudt-ud-2.10-220711:mt:mlt,udpipe/udpipe2-ud-2.10-220711/mt_mudt-ud-2.10-220711.model,mt_mudt,https://ufal.mff.cuni.cz/udpipe/2/models#universal_dependencies_210_models
marathi-ufal-ud-2.10-220711:mr_ufal-ud-2.10-220711:mr:mar,udpipe/udpipe2-ud-2.10-220711/mr_ufal-ud-2.10-220711.model,mr_ufal,https://ufal.mff.cuni.cz/udpipe/2/models#universal_dependencies_210_models
naija-nsc-ud-2.10-220711:pcm_nsc-ud-2.10-220711:pcm,udpipe/udpipe2-ud-2.10-220711/pcm_nsc-ud-2.10-220711.model,pcm_nsc,https://ufal.mff.cuni.cz/udpipe/2/models#universal_dependencies_210_models
north_sami-giella-ud-2.10-220711:sme_giella-ud-2.10-220711:se:sme,udpipe/udpipe2-ud-2.10-220711/sme_giella-ud-2.10-220711.model,sme_giella,https://ufal.mff.cuni.cz/udpipe/2/models#universal_dependencies_210_models
norwegian-bokmaal-ud-2.10-220711:no_bokmaal-ud-2.10-220711:nb:nob,udpipe/udpipe2-ud-2.10-220711/no_all-ud-2.10-220711.model,no_bokmaal,https://ufal.mff.cuni.cz/udpipe/2/models#universal_dependencies_210_models
norwegian-nynorsk-ud-2.10-220711:no_nynorsk-ud-2.10-220711:nn:nno,udpipe/udpipe2-ud-2.10-220711/no_all-ud-2.10-220711.model,no_nynorsk,https://ufal.mff.cuni.cz/udpipe/2/models#universal_dependencies_210_models
norwegian-nynorsklia-ud-2.10-220711:no_nynorsklia-ud-2.10-220711,udpipe/udpipe2-ud-2.10-220711/no_all-ud-2.10-220711.model,no_nynorsklia,https://ufal.mff.cuni.cz/udpipe/2/models#universal_dependencies_210_models
old_church_slavonic-proiel-ud-2.10-220711:cu_proiel-ud-2.10-220711:cu:chu,udpipe/udpipe2-ud-2.10-220711/cu_proiel-ud-2.10-220711.model,cu_proiel,https://ufal.mff.cuni.cz/udpipe/2/models#universal_dependencies_210_models
old_french-srcmf-ud-2.10-220711:fro_srcmf-ud-2.10-220711:fro,udpipe/udpipe2-ud-2.10-220711/fro_srcmf-ud-2.10-220711.model,fro_srcmf,https://ufal.mff.cuni.cz/udpipe/2/models#universal_dependencies_210_models
old_russian-torot-ud-2.10-220711:orv_torot-ud-2.10-220711:orv,udpipe/udpipe2-ud-2.10-220711/orv_all-ud-2.10-220711.model,orv_torot,https://ufal.mff.cuni.cz/udpipe/2/models#universal_dependencies_210_models
old_russian-rnc-ud-2.10-220711:orv_rnc-ud-2.10-220711,udpipe/udpipe2-ud-2.10-220711/orv_all-ud-2.10-220711.model,orv_rnc,https://ufal.mff.cuni.cz/udpipe/2/models#universal_dependencies_210_models
old_east_slavic-birchbark-ud-2.10-220711:orv_birchbark-ud-2.10-220711,udpipe/udpipe2-ud-2.10-220711/orv_all-ud-2.10-220711.model,orv_birchbark,https://ufal.mff.cuni.cz/udpipe/2/models#universal_dependencies_210_models
persian-perdt-ud-2.10-220711:fa_perdt-ud-2.10-220711:fa:fas:per,udpipe/udpipe2-ud-2.10-220711/fa_all-ud-2.10-220711.model,fa_perdt,https://ufal.mff.cuni.cz/udpipe/2/models#universal_dependencies_210_models
persian-seraji-ud-2.10-220711:fa_seraji-ud-2.10-220711,udpipe/udpipe2-ud-2.10-220711/fa_all-ud-2.10-220711.model,fa_seraji,https://ufal.mff.cuni.cz/udpipe/2/models#universal_dependencies_210_models
polish-pdb-ud-2.10-220711:pl_pdb-ud-2.10-220711:pl:pol,udpipe/udpipe2-ud-2.10-220711/pl_all-ud-2.10-220711.model,pl_pdb,https://ufal.mff.cuni.cz/udpipe/2/models#universal_dependencies_210_models
polish-lfg-ud-2.10-220711:pl_lfg-ud-2.10-220711,udpipe/udpipe2-ud-2.10-220711/pl_all-ud-2.10-220711.model,pl_lfg,https://ufal.mff.cuni.cz/udpipe/2/models#universal_dependencies_210_models
pomak-philotis-ud-2.10-220711:qpm_philotis-ud-2.10-220711:qpm,udpipe/udpipe2-ud-2.10-220711/qpm_philotis-ud-2.10-220711.model,qpm_philotis,https://ufal.mff.cuni.cz/udpipe/2/models#universal_dependencies_210_models
portuguese-gsd-ud-2.10-220711:pt_gsd-ud-2.10-220711:pt:por,udpipe/udpipe2-ud-2.10-220711/pt_all-ud-2.10-220711.model,pt_gsd,https://ufal.mff.cuni.cz/udpipe/2/models#universal_dependencies_210_models
portuguese-bosque-ud-2.10-220711:pt_bosque-ud-2.10-220711,udpipe/udpipe2-ud-2.10-220711/pt_all-ud-2.10-220711.model,pt_bosque,https://ufal.mff.cuni.cz/udpipe/2/models#universal_dependencies_210_models
romanian-nonstandard-ud-2.10-220711:ro_nonstandard-ud-2.10-220711:ro:ron:rum,udpipe/udpipe2-ud-2.10-220711/ro_all-ud-2.10-220711.model,ro_nonstandard,https://ufal.mff.cuni.cz/udpipe/2/models#universal_dependencies_210_models
romanian-rrt-ud-2.10-220711:ro_rrt-ud-2.10-220711,udpipe/udpipe2-ud-2.10-220711/ro_all-ud-2.10-220711.model,ro_rrt,https://ufal.mff.cuni.cz/udpipe/2/models#universal_dependencies_210_models
romanian-simonero-ud-2.10-220711:ro_simonero-ud-2.10-220711,udpipe/udpipe2-ud-2.10-220711/ro_all-ud-2.10-220711.model,ro_simonero,https://ufal.mff.cuni.cz/udpipe/2/models#universal_dependencies_210_models
russian-syntagrus-ud-2.10-220711:ru_syntagrus-ud-2.10-220711:ru:rus,udpipe/udpipe2-ud-2.10-220711/ru_all-ud-2.10-220711.model,ru_syntagrus,https://ufal.mff.cuni.cz/udpipe/2/models#universal_dependencies_210_models
russian-gsd-ud-2.10-220711:ru_gsd-ud-2.10-220711,udpipe/udpipe2-ud-2.10-220711/ru_all-ud-2.10-220711.model,ru_gsd,https://ufal.mff.cuni.cz/udpipe/2/models#universal_dependencies_210_models
russian-taiga-ud-2.10-220711:ru_taiga-ud-2.10-220711,udpipe/udpipe2-ud-2.10-220711/ru_all-ud-2.10-220711.model,ru_taiga,https://ufal.mff.cuni.cz/udpipe/2/models#universal_dependencies_210_models
sanskrit-vedic-ud-2.10-220711:sa_vedic-ud-2.10-220711:sa:vsn,udpipe/udpipe2-ud-2.10-220711/sa_vedic-ud-2.10-220711.model,sa_vedic,https://ufal.mff.cuni.cz/udpipe/2/models#universal_dependencies_210_models
scottish_gaelic-arcosg-ud-2.10-220711:gd_arcosg-ud-2.10-220711:gd:gla,udpipe/udpipe2-ud-2.10-220711/gd_arcosg-ud-2.10-220711.model,gd_arcosg,https://ufal.mff.cuni.cz/udpipe/2/models#universal_dependencies_210_models
serbian-set-ud-2.10-220711:sr_set-ud-2.10-220711:sr:srp,udpipe/udpipe2-ud-2.10-220711/sr_set-ud-2.10-220711.model,sr_set,https://ufal.mff.cuni.cz/udpipe/2/models#universal_dependencies_210_models
slovak-snk-ud-2.10-220711:sk_snk-ud-2.10-220711:sk:slk:slo,udpipe/udpipe2-ud-2.10-220711/sk_snk-ud-2.10-220711.model,sk_snk,https://ufal.mff.cuni.cz/udpipe/2/models#universal_dependencies_210_models
slovenian-ssj-ud-2.10-220711:sl_ssj-ud-2.10-220711:sl:slv,udpipe/udpipe2-ud-2.10-220711/sl_all-ud-2.10-220711.model,sl_ssj,https://ufal.mff.cuni.cz/udpipe/2/models#universal_dependencies_210_models
slovenian-sst-ud-2.10-220711:sl_sst-ud-2.10-220711,udpipe/udpipe2-ud-2.10-220711/sl_all-ud-2.10-220711.model,sl_sst,https://ufal.mff.cuni.cz/udpipe/2/models#universal_dependencies_210_models
spanish-ancora-ud-2.10-220711:es_ancora-ud-2.10-220711:es:spa,udpipe/udpipe2-ud-2.10-220711/es_all-ud-2.10-220711.model,es_ancora,https://ufal.mff.cuni.cz/udpipe/2/models#universal_dependencies_210_models
spanish-gsd-ud-2.10-220711:es_gsd-ud-2.10-220711,udpipe/udpipe2-ud-2.10-220711/es_all-ud-2.10-220711.model,es_gsd,https://ufal.mff.cuni.cz/udpipe/2/models#universal_dependencies_210_models
swedish-talbanken-ud-2.10-220711:sv_talbanken-ud-2.10-220711:sv:swe,udpipe/udpipe2-ud-2.10-220711/sv_all-ud-2.10-220711.model,sv_talbanken,https://ufal.mff.cuni.cz/udpipe/2/models#universal_dependencies_210_models
swedish-lines-ud-2.10-220711:sv_lines-ud-2.10-220711,udpipe/udpipe2-ud-2.10-220711/sv_all-ud-2.10-220711.model,sv_lines,https://ufal.mff.cuni.cz/udpipe/2/models#universal_dependencies_210_models
tamil-ttb-ud-2.10-220711:ta_ttb-ud-2.10-220711:ta:tam,udpipe/udpipe2-ud-2.10-220711/ta_ttb-ud-2.10-220711.model,ta_ttb,https://ufal.mff.cuni.cz/udpipe/2/models#universal_dependencies_210_models
telugu-mtg-ud-2.10-220711:te_mtg-ud-2.10-220711:te:tel,udpipe/udpipe2-ud-2.10-220711/te_mtg-ud-2.10-220711.model,te_mtg,https://ufal.mff.cuni.cz/udpipe/2/models#universal_dependencies_210_models
turkish-boun-ud-2.10-220711:tr_boun-ud-2.10-220711:tr:tur,udpipe/udpipe2-ud-2.10-220711/tr_all-ud-2.10-220711.model,tr_boun,https://ufal.mff.cuni.cz/udpipe/2/models#universal_dependencies_210_models
turkish-atis-ud-2.10-220711:tr_atis-ud-2.10-220711,udpipe/udpipe2-ud-2.10-220711/tr_all-ud-2.10-220711.model,tr_atis,https://ufal.mff.cuni.cz/udpipe/2/models#universal_dependencies_210_models
turkish-framenet-ud-2.10-220711:tr_framenet-ud-2.10-220711,udpipe/udpipe2-ud-2.10-220711/tr_all-ud-2.10-220711.model,tr_framenet,https://ufal.mff.cuni.cz/udpipe/2/models#universal_dependencies_210_models
turkish-imst-ud-2.10-220711:tr_imst-ud-2.10-220711,udpipe/udpipe2-ud-2.10-220711/tr_all-ud-2.10-220711.model,tr_imst,https://ufal.mff.cuni.cz/udpipe/2/models#universal_dependencies_210_models
turkish-kenet-ud-2.10-220711:tr_kenet-ud-2.10-220711,udpipe/udpipe2-ud-2.10-220711/tr_all-ud-2.10-220711.model,tr_kenet,https://ufal.mff.cuni.cz/udpipe/2/models#universal_dependencies_210_models
turkish-penn-ud-2.10-220711:tr_penn-ud-2.10-220711,udpipe/udpipe2-ud-2.10-220711/tr_all-ud-2.10-220711.model,tr_penn,https://ufal.mff.cuni.cz/udpipe/2/models#universal_dependencies_210_models
turkish-tourism-ud-2.10-220711:tr_tourism-ud-2.10-220711,udpipe/udpipe2-ud-2.10-220711/tr_all-ud-2.10-220711.model,tr_tourism,https://ufal.mff.cuni.cz/udpipe/2/models#universal_dependencies_210_models
turkish_german-sagt-ud-2.10-220711:qtd_sagt-ud-2.10-220711:qtd,udpipe/udpipe2-ud-2.10-220711/qtd_sagt-ud-2.10-220711.model,qtd_sagt,https://ufal.mff.cuni.cz/udpipe/2/models#universal_dependencies_210_models
ukrainian-iu-ud-2.10-220711:uk_iu-ud-2.10-220711:uk:ukr,udpipe/udpipe2-ud-2.10-220711/uk_iu-ud-2.10-220711.model,uk_iu,https://ufal.mff.cuni.cz/udpipe/2/models#universal_dependencies_210_models
urdu-udtb-ud-2.10-220711:ur_udtb-ud-2.10-220711:ur:urd,udpipe/udpipe2-ud-2.10-220711/ur_udtb-ud-2.10-220711.model,ur_udtb,https://ufal.mff.cuni.cz/udpipe/2/models#universal_dependencies_210_models
uyghur-udt-ud-2.10-220711:ug_udt-ud-2.10-220711:ug:uig,udpipe/udpipe2-ud-2.10-220711/ug_udt-ud-2.10-220711.model,ug_udt,https://ufal.mff.cuni.cz/udpipe/2/models#universal_dependencies_210_models
vietnamese-vtb-ud-2.10-220711:vi_vtb-ud-2.10-220711:vi:vie,udpipe/udpipe2-ud-2.10-220711/vi_vtb-ud-2.10-220711.model,vi_vtb,https://ufal.mff.cuni.cz/udpipe/2/models#universal_dependencies_210_models
welsh-ccg-ud-2.10-220711:cy_ccg-ud-2.10-220711:cy:wel:cym,udpipe/udpipe2-ud-2.10-220711/cy_ccg-ud-2.10-220711.model,cy_ccg,https://ufal.mff.cuni.cz/udpipe/2/models#universal_dependencies_210_models
western_armenian-armtdp-ud-2.10-220711:hyw_armtdp-ud-2.10-220711:hyw,udpipe/udpipe2-ud-2.10-220711/hyw_armtdp-ud-2.10-220711.model,hyw_armtdp,https://ufal.mff.cuni.cz/udpipe/2/models#universal_dependencies_210_models
wolof-wtb-ud-2.10-220711:wo_wtb-ud-2.10-220711:wo:wol:wof,udpipe/udpipe2-ud-2.10-220711/wo_wtb-ud-2.10-220711.model,wo_wtb,https://ufal.mff.cuni.cz/udpipe/2/models#universal_dependencies_210_models